Title,Vendor,Date,TimeStamp,New,URL
Fan Art by Hoyb: Max Payne,RockstarNewswire,-,1497430000,True,http://www.rockstargames.com/newswire/article/60200/Fan-Art-by-Hoyb-Max-Payne
Fan Video by: NerdOut! - 5 Star Life,RockstarNewswire,-,1497430000,True,http://www.rockstargames.com/newswire/article/60201/Fan-Video-by-NerdOut-5StarLife
GTA Online May 19th Live Stream with Stephen Glickman and Friends,RockstarNewswire,-,1497430000,True,http://www.rockstargames.com/newswire/article/60208/GTA-Online-May-19th-Live-Stream-with-Stephen-Glickman-and-Friends
Fan Art: by Yuri Zalipaev,RockstarNewswire,-,1497430000,True,http://www.rockstargames.com/newswire/article/60202/Fan-Art-by-Yuri-Zalipaev
See GTA Soundtrack Artists Live: The 2017 Summer Concert Guide,RockstarNewswire,-,1497430000,True,http://www.rockstargames.com/newswire/article/60223/See-GTA-Soundtrack-Artists-Live-The-2017-Summer-Concert-Guide
YouTube Favorite: Achievement Hunter Plays Special Vehicle Races,RockstarNewswire,-,1497430000,True,http://www.rockstargames.com/newswire/article/60205/YouTube-Favorite-Achievement-Hunter-Plays-Special-Vehicle-Races
"Creator Special Vehicle Race by Cambo20 ""C20 [14] Hare 1 Retro""",RockstarNewswire,-,1497430000,True,http://www.rockstargames.com/newswire/article/60206/Creator-Special-Vehicle-Race-by-Cambo20-C20-14-Hare-1-Retro
Snapmatic: By NatalieAussieGTA - Stunt Race Snap,RockstarNewswire,-,1497430000,True,http://www.rockstargames.com/newswire/article/60207/Snapmatic-By-NatalieAussieGTA-Stunt-Race-Snap
Rockstar Editor: Thrill Chasers By eXaR N7,RockstarNewswire,-,1497430000,True,http://www.rockstargames.com/newswire/article/60215/Rockstar-Editor-Thrill-Chasers-By-eXaR-N7
Watch the GTA Online: Gunrunning Trailer,RockstarNewswire,-,1497430000,True,http://www.rockstargames.com/newswire/article/60224/Watch-the-GTA-Online-Gunrunning-Trailer
Rockstar Navy and White Cap Back In Stock,RockstarNewswire,-,1497430000,True,http://www.rockstargames.com/newswire/article/60213/Rockstar-Navy-and-White-Cap-Back-In-Stock
Now Recruiting: HeadHunters4-Ever,RockstarNewswire,-,1497430000,True,http://www.rockstargames.com/newswire/article/60216/Now-Recruiting-HeadHunters4-Ever
Fan Video by Logic Films - Los Santos,RockstarNewswire,-,1497430000,True,http://www.rockstargames.com/newswire/article/60217/Fan-Video-by-Logic-Films-Los-Santos
Crew Cut: Crews Go Five,RockstarNewswire,-,1497430000,True,http://www.rockstargames.com/newswire/article/60214/Crew-Cut-Crews-Go-Five
Rockstar Class of '98 Tee Now Available at the Rockstar Warehouse,RockstarNewswire,-,1497430000,True,http://www.rockstargames.com/newswire/article/60225/Rockstar-Class-of-98-Tee-Now-Available-at-the-Rockstar-Warehouse
Rockstar Live Stream: GTA Online Double GTA$ Special Vehicle Races ,RockstarNewswire,-,1497430000,True,http://www.rockstargames.com/newswire/article/60221/Rockstar-Live-Stream-GTA-Online-Double-GTA-Special-Vehicle-Races
Knuckleduster Pocket Tee - AtomicMari,RockstarNewswire,-,1497430000,True,http://www.rockstargames.com/newswire/article/60220/Knuckleduster-Pocket-Tee-AtomicMari
Now Recruiting: PC Pilots,RockstarNewswire,-,1497430000,True,http://www.rockstargames.com/newswire/article/60218/Now-Recruiting-PC-Pilots
Los Santos Tranquility by BNadal,RockstarNewswire,-,1497430000,True,http://www.rockstargames.com/newswire/article/60219/Los-Santos-Tranquility-by-BNadal
GTA Online: Gunrunning Now Available,RockstarNewswire,-,1497430000,True,http://www.rockstargames.com/newswire/article/60226/GTA-Online-Gunrunning-Now-Available
The Elder Scrolls: Legends – Heroes of Skyrim Expansion Announced,BethesdaNews,"June 11, 2017",1497429987,True,https://bethesda.net/en/article/2olkogAaBeoqmWoOwqq6oM/the-elder-scrolls-legends-heroes-of-skyrim-expansion-announced
"Skyrim Switch – Be Anyone, Do Anything… and Now Go Anywhere ",BethesdaNews,"June 11, 2017",1497429987,True,https://bethesda.net/en/article/28fAvj21koG6q6Qm2wEkYk/skyrim-switch-be-anyone-do-anything-and-now-go-anywhere
The Evil Within 2 Revealed,BethesdaNews,"June 11, 2017",1497429987,True,https://bethesda.net/en/article/3Z4Dkndho46qy0gMMi0Gy4/the-evil-within-2-revealed
Bethesda at E3 2017,BethesdaNews,"June 11, 2017",1497429987,True,https://bethesda.net/en/article/5uq59hCVS806CIaCyEMAS0/bethesda-at-e3-2017
Dishonored: Death of the Outsider Revealed,BethesdaNews,"June 11, 2017",1497429987,True,https://bethesda.net/en/article/5skR35kMyQWaeiG8y8AEoC/dishonored-death-of-the-outsider-revealed
Quake World Championships Announced,BethesdaNews,"June 11, 2017",1497429987,True,https://bethesda.net/en/article/3QrjwAXIeAYgQeMAcgccS6/quake-world-championships-announced
"Quake Champions – BJ Blazkowicz, New Maps, New Weapon & More",BethesdaNews,"June 11, 2017",1497429987,True,https://bethesda.net/en/article/4hQIva9LPiUSUeGaSEuM2o/quake-champions-bj-blazkowicz-new-maps-new-weapon-and-more
ESO: Morrowind – New DLC Announced,BethesdaNews,"June 11, 2017",1497429987,True,https://bethesda.net/en/article/Q4uYy517UaosSsAicOiUA/eso-morrowind-new-dlc-announced
Wolfenstein II: The New Colossus Collector’s Edition,BethesdaNews,"June 12, 2017",1497429987,True,https://bethesda.net/en/article/3kLJQ8vu88Oq0e2Iay0YOq/wolfenstein-ii-the-new-colossus-collector-s-edition
The Elder Scrolls V: Skyrim Coming to PlayStation VR,BethesdaNews,"June 12, 2017",1497429987,True,https://bethesda.net/en/article/2XctosGx4k4OwqyWSeGQAS/the-elder-scrolls-v-skyrim-coming-to-playstation-vr
Wolfenstein II: The New Colossus – America Under Siege,BethesdaNews,"June 13, 2017",1497429987,True,https://bethesda.net/en/article/6zabpLFrPyyE4s2Um4UqaW/wolfenstein-ii-the-new-colossus-america-under-siege
The Evil Within 2 – Return to the Nightmare,BethesdaNews,"June 13, 2017",1497429987,True,https://bethesda.net/en/article/1vBwYv2q0kQUoimMicSgiS/the-evil-within-2-return-to-the-nightmare
Super Bowl Week Kicks off with EA SPORTS Bowl in Houston on February 2,ElectronicArts,"Jan 5, 2017",1497429976,True,http://investor.ea.com/releasedetail.cfm?ReleaseID=1006748
"EA to Release Third Quarter Fiscal Year 2017 Results on January 31, 2017",ElectronicArts,"Jan 10, 2017",1497429976,True,http://investor.ea.com/releasedetail.cfm?ReleaseID=1007490
EA Announces EA PLAY 2017,ElectronicArts,"Jan 18, 2017",1497429976,True,http://investor.ea.com/releasedetail.cfm?ReleaseID=1008359
CORRECTING and REPLACING The Big Game Kicks Off With EA Sports Bowl in Houston on February 2,ElectronicArts,"Jan 18, 2017",1497429976,True,http://investor.ea.com/releasedetail.cfm?ReleaseID=1008401
FIFA Ultimate Team Championship Series Reveals Schedule for Biggest EA SPORTS Tournament Ever,ElectronicArts,"Jan 26, 2017",1497429976,True,http://investor.ea.com/releasedetail.cfm?ReleaseID=1009316
Electronic Arts Reports Q3 FY17 Financial Results,ElectronicArts,"Jan 31, 2017",1497429976,True,http://investor.ea.com/releasedetail.cfm?ReleaseID=1009829
New England Patriots Win in Official Madden NFL 17 Super Bowl LI Prediction,ElectronicArts,"Feb 1, 2017",1497429976,True,http://investor.ea.com/releasedetail.cfm?ReleaseID=1009998
"EA to Present at the Morgan Stanley Technology, Media & Telecom Conference",ElectronicArts,"Feb 14, 2017",1497429976,True,http://investor.ea.com/releasedetail.cfm?ReleaseID=1011890
Fight for a New Home in Mass Effect: Andromeda,ElectronicArts,"Mar 21, 2017",1497429976,True,http://investor.ea.com/releasedetail.cfm?ReleaseID=1018192
"EA Announces Star Wars™ Battlefront™ II Will Launch November 17, 2017 Worldwide",ElectronicArts,"Apr 15, 2017",1497429976,True,http://investor.ea.com/releasedetail.cfm?ReleaseID=1021408
"EA to Release Q4 and Full Year FY17 Results on May 9, 2017",ElectronicArts,"Apr 18, 2017",1497429976,True,http://investor.ea.com/releasedetail.cfm?ReleaseID=1021749
Electronic Arts Reports Q4 FY17 and Full Year FY17 Financial Results,ElectronicArts,"May 9, 2017",1497429976,True,http://investor.ea.com/releasedetail.cfm?ReleaseID=1025604
Tom Brady Named EA SPORTS Madden NFL 18 Cover Athlete,ElectronicArts,"May 12, 2017",1497429976,True,http://investor.ea.com/releasedetail.cfm?ReleaseID=1026246
"EA PLAY 2017: Nas, DJ Green Lantern and Dave East to Perform at Player FanFest",ElectronicArts,"May 25, 2017",1497429976,True,http://investor.ea.com/releasedetail.cfm?ReleaseID=1027968
EA Reveals New Action Driving Fantasy with Need for Speed Payback,ElectronicArts,"Jun 2, 2017",1497429976,True,http://investor.ea.com/releasedetail.cfm?ReleaseID=1028836
Cristiano Ronaldo Named Global Cover Star for EA SPORTS FIFA 18,ElectronicArts,"Jun 5, 2017",1497429976,True,http://investor.ea.com/releasedetail.cfm?ReleaseID=1029050
"EA PLAY 2017: Tune Into ""Live @ EA PLAY"" To Get a First Look at Eight Games and More Surprises",ElectronicArts,"Jun 8, 2017",1497429976,True,http://investor.ea.com/releasedetail.cfm?ReleaseID=1029624
EA Announces a Uniquely Tailored Co-Op Adventure Game in A Way Out,ElectronicArts,"Jun 10, 2017",1497429976,True,http://investor.ea.com/releasedetail.cfm?ReleaseID=1029798
Full Details Revealed for EA SPORTS™ FIFA 18 Built for Nintendo Switch,ElectronicArts,"Jun 10, 2017",1497429976,True,http://investor.ea.com/releasedetail.cfm?ReleaseID=1029799
"Venture into Danger with New IP from EA, Anthem™",ElectronicArts,"Jun 11, 2017",1497429976,True,http://investor.ea.com/releasedetail.cfm?ReleaseID=1029804
A Gamer’s Experience at the Indy 500,LogitechBlog,"June 2, 2017",1497429964,True,http://blog.logitech.com/2017/06/02/gamers-experience-indy-500/
Logitech Wins Record-Breaking Nine IDA 2016 Product Design Awards,LogitechBlog,"June 4, 2017",1497429964,True,http://blog.logitech.com/2017/06/04/logitech-wins-record-breaking-nine-ida-2016-product-design-awards/
Introducing the Logitech Slim Combo for iPad Pro: The Next Generation of Personal Computing has Arrived,LogitechBlog,"June 5, 2017",1497429964,True,http://blog.logitech.com/2017/06/05/introducing-logitech-slim-combo-ipad-pro-next-generation-personal-computing-arrived/
Finally – A Huddle Room Camera That’s Actually Designed for Huddle Rooms,LogitechBlog,"June 5, 2017",1497429964,True,http://blog.logitech.com/2017/06/05/finally-huddle-room-camera-thats-actually-designed-huddle-rooms/
"Gaming Meets Lifestyle, Introducing the Logitech G433 and G233",LogitechBlog,"June 7, 2017",1497429964,True,http://blog.logitech.com/2017/06/07/logitech-g-g433-g233/
Scroll to Your Happy Place. The New 2017 Doodle Collection is Here.,LogitechBlog,"June 8, 2017",1497429964,True,http://blog.logitech.com/2017/06/08/scroll-happy-place-new-2017-doodle-collection/
"Reinventing Wireless PC Gaming, 4 Years in the Making",LogitechBlog,"June 11, 2017",1497429964,True,http://blog.logitech.com/2017/06/11/reinventing-wireless-pc-gaming-4-years-making/
What’s New in the New Landscape of Work,LogitechBlog,"June 12, 2017",1497429964,True,http://blog.logitech.com/2017/06/12/whats-new-new-landscape-work/
Discover a New Way to Secure Your Home,LogitechBlog,"June 12, 2017",1497429964,True,http://blog.logitech.com/2017/06/12/discover-new-way-secure-home/
Logitech Delivers Highest Retail Sales Growth in Six Years; Profit Hits Nine-Year High,LogitechPressreleases,"Tuesday, April 25, 2017",1497429951,True,http://news.logitech.com/press-release/corporate/logitech-delivers-highest-retail-sales-growth-six-years-profit-hits-nine-yea
Logitech Files Annual Report on Form 10-K,LogitechPressreleases,"Friday, May 26, 2017",1497429951,True,http://news.logitech.com/press-release/corporate/logitech-files-annual-report-form-10-k-5
Ultimate Ears Brings Music to Life,LogitechPressreleases,"Wednesday, May 31, 2017",1497429951,True,http://news.logitech.com/press-release/consumer-products/ultimate-ears-brings-music-life
Logitech Takes Multi-Computer Functionality to the Next Level with New MX Mice and Flow,LogitechPressreleases,"Thursday, June 01, 2017",1497429951,True,http://news.logitech.com/press-release/consumer-products/logitech-takes-multi-computer-functionality-next-level-new-mx-mice-a
Logitech Wins Record-Breaking Nine IDA 2016 Awards,LogitechPressreleases,"Monday, June 05, 2017",1497429951,True,http://news.logitech.com/press-release/corporate/logitech-wins-record-breaking-nine-ida-2016-awards
New Logitech Slim Combo for iPad Pro: The Next Generation of Personal Computing,LogitechPressreleases,"Monday, June 05, 2017",1497429951,True,http://news.logitech.com/press-release/consumer-products/new-logitech-slim-combo-ipad-pro-next-generation-personal-computing
Logitech Introduces Premier Conference Camera for Huddle Rooms,LogitechPressreleases,"Monday, June 05, 2017",1497429951,True,http://news.logitech.com/press-release/video-collaboration/logitech-introduces-premier-conference-camera-huddle-rooms
Logitech G Introduces Advanced Gaming Headsets Designed for Everyday Life,LogitechPressreleases,"Thursday, June 08, 2017",1497429951,True,http://news.logitech.com/press-release/consumer-products/logitech-g-introduces-advanced-gaming-headsets-designed-everyday-lif
Logitech G® Continues Wireless Superiority with New POWERPLAY™ Charging System and LIGHTSPEED™ Technology,LogitechPressreleases,"Monday, June 12, 2017",1497429951,True,http://news.logitech.com/press-release/consumer-products/logitech-g-continues-wireless-superiority-new-powerplay-charging-sys
Logitech Unveils the Simplest Home Security Camera For Indoors and Outdoors,LogitechPressreleases,"Tuesday, June 13, 2017",1497429951,True,http://news.logitech.com/press-release/consumer-products/logitech-unveils-simplest-home-security-camera-indoors-and-outdoors
